name,year
Michael Jordan*,1991
Michael Jordan*,1997
Larry Bird*,1986
Larry Bird*,1987
Jason Williams,2001
Jason Williams,2007
Jason Williams,2008
Pau Gasol, 2010
Shaquille O'Neal*, 1995
Shaquille O'Neal*, 1996
Steve Nash, 2000
Steve Nash, 2007
Steve Nash, 2010
Kobe Bryant, 1999
Kobe Bryant, 2007
Kobe Bryant, 2010
LeBron James, 2013
LeBron James, 2014
LeBron James, 2017
Kevin Durant, 2009
Kevin Durant, 2013
Kevin Durant, 2017
Magic Johnson*, 1984
Magic Johnson*, 1985
Magic Johnson*, 1989
Peja Stojakovic, 2002
Peja Stojakovic, 2004
Kevin McHale*, 1986
Kevin McHale*, 1987
Kevin McHale*, 1988
Kevin McHale*, 1991
